Activity rules,,,,,,
Activity,Min age,Other limits,Capacity / format,Waiver,Medical exclusions,Party notes
Mini / kids go-karts,Party bands 6–8 and 8–12,Must meet age and height on the day. Close-to-cutoff = staff decision.,4–8 yrs: 8 drivers/race. 8–12 yrs: 6 drivers/race.,Yes + parent sign if under 18,"Pregnancy, epilepsy, recent injury/surgery, heart, BP, back pain — see FAQ list",Kids party uses Mini Karts. Exclusive hire typical.
Sprint karts (teens),12–17 party band,Age and height must be met.,12–17 yrs: up to 15 drivers/race.,Yes + parent sign,Same kart medical list,Teen party $39–$49 published off-peak/peak.
Super karts,"18+, or 16+ with valid learner permit sighted",Photo ID required 18+. Enclosed shoes. No loose items.,Adult race packages min 10 for exclusive Lakeside hire.,Yes,Same kart medical list,Race packages $89 / $129 / $179 pp published.
Zero Latency VR,"Game-dependent: 8+ Engineerium, 10+ Singularity, 12+ most, 15+ Far Cry VR",Not ideal for mobility limits.,Max 8 players / ~30 min session. No exclusivity unless all 8 slots booked.,Yes + parent sign if under 18,"Pregnancy, pre-existing injury, mobility, heart — check with reservations",8-person min for VR kids/teen party packages.
Lasertag / Laserzone,6+,Pregnant or pre-existing injury cannot play.,"~20 per mission, ~15 min including brief. Casual has no min group size.",Follow staff brief,Pregnant / injury,Exclusive hire often 20+. Kids/teen party min 8.
Indoor mini golf,Recommended 4+,Under 4 join free. Enclosed toe shoes.,~5 per hole. Other groups may be ahead/behind.,No special waiver called out,,Kids/teen party min 8.
Arcadia arcade,Recommended 3+,All ages.,Open access / party add-on.,No,,Often complimentary on arrival for kids parties.
Restaurant / sports bar / functions,Licensed venue — RSA for alcohol,Kids welcome in family areas; bar is adult.,Reserved tables and function rooms for packages.,,,Burger + pot included on Show Off bucks package.
