Business profile,,,,
Field,Value,Agent instruction,Source,Status
Business name,LeMans Entertainment (also trades as Le Mans Go-Karts / Le Mans Paintball / Laserzone on site),Use LeMans Entertainment on the phone.,Website + POC,Confirmed
Main enquiry line,(03) 8787 8741,This is the number the agent answers.,Vonex inbound DID 61387878741 + website,Confirmed
Second DID,(03) 8797 1458,Also appears on inbound recordings. Treat as same venue unless staff say otherwise.,Vonex filenames,Confirm
Email — general,info@lemansgokarts.com.au,Offer to take a message / email if caller prefers.,Contact page,Confirmed
Email — reservations / customer service,customerservice@lemansgokarts.com.au,"Use for catering, medical suitability, corporate follow-up.",FAQ page,Confirmed
Website,https://www.lemansentertainment.com.au/,Offer to send the booking or deals page after the call.,Website,Confirmed
Address,"55 Waterview Close, Dandenong South VIC 3175 (paintball/laser listed at 57 Waterview Close, same precinct)",Give 55 Waterview Close unless they ask for paintball specifically.,Website / directories,Confirmed
Parking,Free on-site car and bus parking on a 23-acre site. Suitable for large groups and coaches.,Say parking is free and on site.,FAQ,Confirmed
Venue type,"Outdoor / indoor entertainment precinct: go-karts, Zero Latency VR, lasertag, indoor mini golf, Arcadia arcade, restaurant and licensed sports bar, function rooms.",List 2–3 activities then ask what they want to book.,Website,Confirmed
Booking office hours,"9:00 am – close, Monday to Sunday",Human reservations available from 9am daily. Before 9am or after close: take details and create a lead.,Contact page,Confirmed
Mon hours,9:45 am – 5:30 pm,Venue hours. Can open early for pre-booked groups (T&Cs).,Homepage 2026-09-29,Confirm Friday clash
Tue hours,9:45 am – 5:30 pm,Venue hours.,Homepage,Confirmed
Wed hours,9:45 am – 10:00 pm,Venue hours. Mid-week kids party deals typically Wed–Fri excluding public and school holidays.,Homepage,Confirmed
Thu hours,9:45 am – 10:00 pm,Venue hours.,Homepage,Confirmed
Fri hours,10:15 am – 9:00 pm,"Contact page lists Friday 12:15 pm – 9:00 pm. Do not invent. If asked, give homepage hours and note staff will confirm.",Homepage vs Contact,Confirm
Sat hours,9:15 am – 11:00 pm,Peak day. Urge booking — weekends sell out.,Homepage,Confirmed
Sun hours,9:15 am – 10:00 pm,Peak day. Sunday race-package upgrade promo may apply — check Weekly Deals.,Homepage,Confirm promo
Early open,Yes for group bookings. T&Cs apply. Do not promise a time. Take the request and transfer/lead.,Contact page,Confirmed,
Tone,"Friendly, Australian, energetic, not salesy. First impression matters. Never invent a price if unsure — offer to transfer reservations.",POC brief,Confirmed,
Urgency line,"Kids parties, bucks and weekend race packages book out. Recommend locking a deposit today.",POC brief + site,Confirmed,
Approx call volume,"~4,000 inbound/outbound calls per month on the Vonex trunk",Expect high repeat callers and short missed-call bursts.,LeMans POC May 2026,Confirmed
CRM,ActiveCampaign — create lead tagged by event type if transfer fails,"Capture name, mobile, email, date wanted, headcount, event type.",POC,Confirm API live
