Vonex recording index (sample parsed from Drive),,,,,,,,,
Filename pattern: HHMMSS-i|o-<DID-or-SIP>-<other>.wav. Duration estimate assumes 8 kHz 16-bit mono (size/16000). Full archive is ~6 months of daily folders — this is a starter extract from 2026-09-28 (complete) and 2026-09-29 (first page).,,,,,,,,,
Date,Time,Direction,Local number / ext,Remote number,Filename,Size bytes,Est. duration sec,Drive file ID,Link
2026-09-28,09:38:09,Outbound,Ext 503,0400 553 488,093809-o-61400553488@506609.37.vonex.biz-503.wav,23330,1.5,1Zy4Lw7rBm2dvhzHiaaWyqUODjTx8jOlH,https://drive.google.com/file/d/1Zy4Lw7rBm2dvhzHiaaWyqUODjTx8jOlH/view
2026-09-28,09:59:40,Inbound,03 8787 8741,0423 237 692,095940-i-61387878741-61423237692.wav,59536,3.7,1FTKoqJeQM_PCzUi8kO_C6cL5TxQjknLc,https://drive.google.com/file/d/1FTKoqJeQM_PCzUi8kO_C6cL5TxQjknLc/view
2026-09-28,10:13:16,Inbound,03 8787 8741,0411 625 690,101316-i-61387878741-61411625690.wav,264740,16.5,17KXCErzEHHBErnEjMwScdIzMdmRj5VBF,https://drive.google.com/file/d/17KXCErzEHHBErnEjMwScdIzMdmRj5VBF/view
2026-09-28,10:16:16,Outbound,Ext 503,0474 266 482,101616-o-61474266482@506609.37.vonex.biz-503.wav,214366,13.4,1YCbcoMvyEnxc0eww7X-9FkK8ofFMRpS9,https://drive.google.com/file/d/1YCbcoMvyEnxc0eww7X-9FkK8ofFMRpS9/view
2026-09-28,10:19:50,Outbound,Ext 503,0433 031 890,101950-o-61433031890@506609.37.vonex.biz-503.wav,227040,14.2,1qQXmL2xLsrVW-VwX_zFsXNJFochlxX6r,https://drive.google.com/file/d/1qQXmL2xLsrVW-VwX_zFsXNJFochlxX6r/view
2026-09-28,10:23:25,Inbound,03 8787 8741,0431 111 525,102325-i-61387878741-61431111525.wav,9746,0.6,1xxcWwCZ8JHP6YVyIXeT6FptUibG_hAhB,https://drive.google.com/file/d/1xxcWwCZ8JHP6YVyIXeT6FptUibG_hAhB/view
2026-09-28,11:21:34,Outbound,Ext 503,0432 425 144,112134-o-61432425144@506609.37.vonex.biz-503.wav,154436,9.7,16-1q-t-tcix_IR5JQTVoebog5jox1KCR,https://drive.google.com/file/d/16-1q-t-tcix_IR5JQTVoebog5jox1KCR/view
2026-09-28,11:24:44,Inbound,03 8787 8741,0449 060 410,112444-i-61387878741-61449060410.wav,32236,2,1qv5uGqyxNt-SgBaFBw8dakiedxXUxD5A,https://drive.google.com/file/d/1qv5uGqyxNt-SgBaFBw8dakiedxXUxD5A/view
2026-09-28,11:39:06,Outbound,Ext 503,0478 219 846,113906-o-61478219846@506609.37.vonex.biz-503.wav,31260,2,1FKTYVYTClL4SSrMkeLF982jkNWpmTk8n,https://drive.google.com/file/d/1FKTYVYTClL4SSrMkeLF982jkNWpmTk8n/view
2026-09-28,11:53:32,Inbound,03 8787 8741,0407 689 713,115332-i-61387878741-61407689713.wav,199156,12.4,1V7vEtASLfvz01x1mCz5FSSa5eQKXutQL,https://drive.google.com/file/d/1V7vEtASLfvz01x1mCz5FSSa5eQKXutQL/view
2026-09-28,12:49:22,Inbound,03 8787 8741,0428 670 168,124922-i-61387878741-61428670168.wav,17480,1.1,1QblQdJqrMYchLUFqnqxWxLOmZ-ZQEIOZ,https://drive.google.com/file/d/1QblQdJqrMYchLUFqnqxWxLOmZ-ZQEIOZ/view
2026-09-28,12:52:59,Outbound,Ext 503,0414 406 833,125259-o-61414406833@506609.37.vonex.biz-503.wav,1023290,64,18GdzlQMUompjAMXzbs_Eu0sTejTr-BCw,https://drive.google.com/file/d/18GdzlQMUompjAMXzbs_Eu0sTejTr-BCw/view
2026-09-28,13:30:30,Inbound,03 8787 8741,0432 208 935,133030-i-61387878741-61432208935.wav,58820,3.7,1xZHT59sRz1LaGOow9sjdL-LeA15_DOOX,https://drive.google.com/file/d/1xZHT59sRz1LaGOow9sjdL-LeA15_DOOX/view
2026-09-28,13:40:53,Inbound,03 8787 8741,0487 567 546,134053-i-61387878741-61487567546.wav,16376,1,19rZ52k7ox06KQoxMB5XFEUVaTdqMKmqz,https://drive.google.com/file/d/19rZ52k7ox06KQoxMB5XFEUVaTdqMKmqz/view
2026-09-28,13:42:46,Inbound,03 8787 8741,0481 765 974,134246-i-61387878741-61481765974.wav,160156,10,1tSW2kcnOAFuHKcRws6AgF8xGVjqKxgqy,https://drive.google.com/file/d/1tSW2kcnOAFuHKcRws6AgF8xGVjqKxgqy/view
2026-09-28,13:53:45,Outbound,Ext 503,0430 277 969,135345-o-61430277969@506609.37.vonex.biz-503.wav,171140,10.7,1xpvoHVTmxJ6VEcyHl62oblw4C_sk9CC1,https://drive.google.com/file/d/1xpvoHVTmxJ6VEcyHl62oblw4C_sk9CC1/view
2026-09-28,14:13:10,Inbound,03 8797 1458,0400 062 354,141310-i-61387971458-61400062354.wav,16050,1,1kEBEwR-7Y2HeGJnuILmfvEYU90SZGQ7K,https://drive.google.com/file/d/1kEBEwR-7Y2HeGJnuILmfvEYU90SZGQ7K/view
2026-09-28,14:23:20,Outbound,Ext 503,0427 590 046,142320-o-61427590046@506609.37.vonex.biz-503.wav,42246,2.6,1eR5oK9TGGTcoGi7NUdShHtmoGlBqdncK,https://drive.google.com/file/d/1eR5oK9TGGTcoGi7NUdShHtmoGlBqdncK/view
2026-09-28,14:31:31,Inbound,03 8787 8741,0409 415 001,143131-i-61387878741-61409415001.wav,5910,0.4,1HzxsxWqFU4bAqf8WLS_3rgdIksSQgWUk,https://drive.google.com/file/d/1HzxsxWqFU4bAqf8WLS_3rgdIksSQgWUk/view
2026-09-28,14:36:20,Outbound,Ext 503,0401 379 758,143620-o-61401379758@506609.37.vonex.biz-503.wav,40946,2.6,1_B0_ic7mMO72oSIimsHm5mbGUoXI3LPf,https://drive.google.com/file/d/1_B0_ic7mMO72oSIimsHm5mbGUoXI3LPf/view
2026-09-28,15:03:20,Outbound,Ext 503,0421 960 934,150320-o-61421960934@506609.37.vonex.biz-503.wav,275076,17.2,1BqQUIff82Z9mvVCTLHK4Y2_O8tsld8e0,https://drive.google.com/file/d/1BqQUIff82Z9mvVCTLHK4Y2_O8tsld8e0/view
2026-09-28,15:09:03,Inbound,03 8787 8741,0433 000 657,150903-i-61387878741-61433000657.wav,59926,3.7,171l9YO6UcMvL-mpv6bF5UNY_Tse00yUH,https://drive.google.com/file/d/171l9YO6UcMvL-mpv6bF5UNY_Tse00yUH/view
2026-09-28,15:11:01,Outbound,Ext 503,0415 827 520,151101-o-61415827520@506609.37.vonex.biz-503.wav,450,0,15JmkiS_URdRZ19CRKglbsVGWZ6y_QfAP,https://drive.google.com/file/d/15JmkiS_URdRZ19CRKglbsVGWZ6y_QfAP/view
2026-09-28,16:04:48,Inbound,03 8787 8741,0412 029 280,160448-i-61387878741-61412029280.wav,526626,32.9,1ETsxPri4UkrclObX1epVn1Yk5bUYVZY8,https://drive.google.com/file/d/1ETsxPri4UkrclObX1epVn1Yk5bUYVZY8/view
2026-09-28,16:14:14,Inbound,03 8787 8741,0493 017 395,161414-i-61387878741-61493017395.wav,224180,14,1cMHupJlO5TUeBnl27rTgy4ovsYYyR-PC,https://drive.google.com/file/d/1cMHupJlO5TUeBnl27rTgy4ovsYYyR-PC/view
2026-09-28,16:20:41,Inbound,03 8787 8741,0422 617 002,162041-i-61387878741-61422617002.wav,9486,0.6,114gclO-3VT2s6azmKD5s1ULzuvhBVqD0,https://drive.google.com/file/d/114gclO-3VT2s6azmKD5s1ULzuvhBVqD0/view
2026-09-28,16:36:17,Outbound,Ext 503,0406 666 603,163617-o-61406666603@506609.37.vonex.biz-503.wav,35096,2.2,1UhInNE_o2j8OuyRhvC0E8iU3OUBuTznE,https://drive.google.com/file/d/1UhInNE_o2j8OuyRhvC0E8iU3OUBuTznE/view
2026-09-28,16:59:58,Inbound,03 8787 8741,0412 931 662,165958-i-61387878741-61412931662.wav,34510,2.2,1A70U_BT-QmxrEyWgqxNxntrjhIFNAiFM,https://drive.google.com/file/d/1A70U_BT-QmxrEyWgqxNxntrjhIFNAiFM/view
2026-09-29,09:09:13,Inbound,03 8787 8741,0420 778 909,090913-i-61387878741-61420778909.wav,83326,5.2,1Tq79a9jkS3v4vw99A1vHODk0tBXxgK90,https://drive.google.com/file/d/1Tq79a9jkS3v4vw99A1vHODk0tBXxgK90/view
2026-09-29,09:10:11,Inbound,03 8787 8741,0408 720 569,091011-i-61387878741-61408720569.wav,152160,9.5,1-6cn63stVQyRlKle0-5EdKlTEWVp_1nw,https://drive.google.com/file/d/1-6cn63stVQyRlKle0-5EdKlTEWVp_1nw/view
2026-09-29,09:11:57,Inbound,03 8787 8741,0420 778 909,091157-i-61387878741-61420778909.wav,180110,11.3,1YMysXZDA-Cwt2qiybCdbyQtyihMqRmvz,https://drive.google.com/file/d/1YMysXZDA-Cwt2qiybCdbyQtyihMqRmvz/view
2026-09-29,09:15:48,Inbound,03 8787 8741,0412 931 662,091548-i-61387878741-61412931662.wav,56806,3.6,190M_hxnE23Qd2ckqp4CGoi0K1w4uLmJb,https://drive.google.com/file/d/190M_hxnE23Qd2ckqp4CGoi0K1w4uLmJb/view
2026-09-29,09:17:33,Outbound,Ext 503,0401 537 979,091733-o-61401537979@506609.37.vonex.biz-503.wav,96976,6.1,1qrXqdXnJJzy8HUUF8lDxlHdkeiHWlG1g,https://drive.google.com/file/d/1qrXqdXnJJzy8HUUF8lDxlHdkeiHWlG1g/view
2026-09-29,09:20:18,Outbound,Ext 503,0450 102 919,092018-o-61450102919@506609.37.vonex.biz-503.wav,47250,3,1Yc_zGiNAPTfeF1SecuH4H_2-o8jtfrE0,https://drive.google.com/file/d/1Yc_zGiNAPTfeF1SecuH4H_2-o8jtfrE0/view
2026-09-29,09:23:22,Outbound,Ext 503,0480 307 724,092322-o-61480307724@506609.37.vonex.biz-503.wav,109520,6.8,1dMoNXIqsGk6rR4ddoUyD_6N15-Hol6y8,https://drive.google.com/file/d/1dMoNXIqsGk6rR4ddoUyD_6N15-Hol6y8/view
2026-09-29,09:26:48,Outbound,Ext 503,0431 723 614,092648-o-61431723614@506609.37.vonex.biz-503.wav,136626,8.5,1CCopXI1Khd97Q4-FAMbgJifzNGtAcjs3,https://drive.google.com/file/d/1CCopXI1Khd97Q4-FAMbgJifzNGtAcjs3/view
2026-09-29,09:28:22,Inbound,03 8787 8741,0418 188 262,092822-i-61387878741-61418188262.wav,243810,15.2,1KQv2amq7mqB_cpwFKKmwiLM3yZx1urww,https://drive.google.com/file/d/1KQv2amq7mqB_cpwFKKmwiLM3yZx1urww/view
2026-09-29,09:34:15,Inbound,03 8787 8741,0439 844 332,093415-i-61387878741-61439844332.wav,162366,10.1,13AUQHmU_jilXhOazeagOKwakiRvkTvaU,https://drive.google.com/file/d/13AUQHmU_jilXhOazeagOKwakiRvkTvaU/view
2026-09-29,09:36:04,Inbound,03 8787 8741,0412 227 113,093604-i-61387878741-61412227113.wav,97236,6.1,14rrQAHRco1vwSbgU6Gnow-3E5_mmJPu_,https://drive.google.com/file/d/14rrQAHRco1vwSbgU6Gnow-3E5_mmJPu_/view
2026-09-29,09:38:02,Inbound,03 8787 8741,0409 415 001,093802-i-61387878741-61409415001.wav,1780930,111.3,1I-LoAQQ6JhWqgj5BFNKalROuZvUdDFX4,https://drive.google.com/file/d/1I-LoAQQ6JhWqgj5BFNKalROuZvUdDFX4/view
2026-09-29,09:39:52,Inbound,03 8787 8741,0432 105 227,093952-i-61387878741-61432105227.wav,926766,57.9,1hZaWVePedYvMDsummwhk4mWi3nfut62v,https://drive.google.com/file/d/1hZaWVePedYvMDsummwhk4mWi3nfut62v/view
2026-09-29,09:40:53,Inbound,03 8787 8741,0439 337 214,094053-i-61387878741-61439337214.wav,56806,3.6,12deLMUTwCrxLasWitjI9Rni1EwqlQ7E2,https://drive.google.com/file/d/12deLMUTwCrxLasWitjI9Rni1EwqlQ7E2/view
2026-09-29,09:45:35,Inbound,03 8787 8741,0447 430 307,094535-i-61387878741-61447430307.wav,134350,8.4,16GSlt2o3Q2pt9Zr1ATmyvTRpntCCxMh-,https://drive.google.com/file/d/16GSlt2o3Q2pt9Zr1ATmyvTRpntCCxMh-/view
2026-09-29,09:47:41,Inbound,Ext 301,0432 105 227,094741-i-301-61432105227.wav,168736,10.5,137Xu2pcILFLS_644FRQ3swG3QxW3g-qa,https://drive.google.com/file/d/137Xu2pcILFLS_644FRQ3swG3QxW3g-qa/view
2026-09-29,09:49:26,Inbound,Ext 300,0409 415 001,094926-i-300-61409415001.wav,673396,42.1,1QEUhKuFzEbAr9pPe3cXtSD5jWUKWZ22W,https://drive.google.com/file/d/1QEUhKuFzEbAr9pPe3cXtSD5jWUKWZ22W/view
2026-09-29,09:53:12,Inbound,03 8787 8741,0447 430 307,095312-i-61387878741-61447430307.wav,12280,0.8,1wSaix0uKQcFeskLRpzX_7ONTXtbP26gu,https://drive.google.com/file/d/1wSaix0uKQcFeskLRpzX_7ONTXtbP26gu/view
2026-09-29,09:58:33,Inbound,03 8787 8741,0430 661 254,095833-i-61387878741-61430661254.wav,31326,2,17jhUB3cebRHjj1gwMd_Z_831ZcvjbSuj,https://drive.google.com/file/d/17jhUB3cebRHjj1gwMd_Z_831ZcvjbSuj/view
2026-09-29,09:59:58,Inbound,03 8787 8741,0431 071 994,095958-i-61387878741-61431071994.wav,41336,2.6,1XtY1bkDIughGwE1qBX5-MKEZA6QVslaO,https://drive.google.com/file/d/1XtY1bkDIughGwE1qBX5-MKEZA6QVslaO/view
2026-09-29,10:02:13,Outbound,Ext 503,0409 415 001,100213-o-61409415001@506609.37.vonex.biz-503.wav,32236,2,1HJPWjyoW3n5QxwqGjUugRUNZdD3kvCNt,https://drive.google.com/file/d/1HJPWjyoW3n5QxwqGjUugRUNZdD3kvCNt/view
2026-09-29,10:04:26,Outbound,Ext 503,0439 337 214,100426-o-61439337214@506609.37.vonex.biz-503.wav,195190,12.2,164xJjbXBSp-E3cxnUiEoQBVX66_ITzsU,https://drive.google.com/file/d/164xJjbXBSp-E3cxnUiEoQBVX66_ITzsU/view
2026-09-29,10:10:55,Inbound,Ext 300,0459 527 042,101055-i-300-61459527042.wav,555616,34.7,1GU_7OOR6XSzzgYdcXPQRHhqRy93_vi-Y,https://drive.google.com/file/d/1GU_7OOR6XSzzgYdcXPQRHhqRy93_vi-Y/view
2026-09-29,10:13:45,Inbound,03 8787 8741,0431 565 867,101345-i-61387878741-61431565867.wav,17546,1.1,1TN7wVMwPZc-t5IPXaqBDNW0CAT059dVO,https://drive.google.com/file/d/1TN7wVMwPZc-t5IPXaqBDNW0CAT059dVO/view
2026-09-29,10:13:50,Inbound,03 8797 1458,0472 835 889,101350-i-61387971458-61472835889.wav,95546,6,1rSYrzSY0pGyf0rahc7MJNFbBN2gIBdrR,https://drive.google.com/file/d/1rSYrzSY0pGyf0rahc7MJNFbBN2gIBdrR/view
2026-09-29,10:14:26,Inbound,03 8787 8741,0431 565 867,101426-i-61387878741-61431565867.wav,52060,3.3,17A3jxmyEbwg42C7TCpDsnM5S_SDjHsQ3,https://drive.google.com/file/d/17A3jxmyEbwg42C7TCpDsnM5S_SDjHsQ3/view
2026-09-29,10:21:44,Inbound,03 8787 8741,0450 210 833,102144-i-61387878741-61450210833.wav,46796,2.9,1i4ge00-gvwLmuRRGS3Etl_FNMLLGLdcR,https://drive.google.com/file/d/1i4ge00-gvwLmuRRGS3Etl_FNMLLGLdcR/view
2026-09-29,10:32:35,Inbound,03 8787 8741,0412 227 113,103235-i-61387878741-61412227113.wav,242836,15.2,1c_d-fIuMPOWZH_SX_XVV0YFIxlFYQQV3,https://drive.google.com/file/d/1c_d-fIuMPOWZH_SX_XVV0YFIxlFYQQV3/view
2026-09-29,10:35:31,Outbound,Ext 503,0431 071 994,103531-o-61431071994@506609.37.vonex.biz-503.wav,33926,2.1,1ZctLvWG4UhiJ5pbpW_nnHdB_7oPgiEiM,https://drive.google.com/file/d/1ZctLvWG4UhiJ5pbpW_nnHdB_7oPgiEiM/view
2026-09-29,10:36:02,Outbound,Ext 503,0408 762 125,103602-o-61408762125@506609.37.vonex.biz-503.wav,39516,2.5,182DMZrKDkQsMrtUt8qj89BS6jSNYHvFQ,https://drive.google.com/file/d/182DMZrKDkQsMrtUt8qj89BS6jSNYHvFQ/view
2026-09-29,10:36:35,Outbound,Ext 503,0422 395 778,103635-o-61422395778@506609.37.vonex.biz-503.wav,97756,6.1,1FhRQq41gD0IYYfdHHt1WNBOdECbKvNQd,https://drive.google.com/file/d/1FhRQq41gD0IYYfdHHt1WNBOdECbKvNQd/view
2026-09-29,10:37:55,Outbound,Ext 503,0431 565 867,103755-o-61431565867@506609.37.vonex.biz-503.wav,831280,52,1OVdpY1nJEJJuuIU4Ak5s7dixjLv4p_AE,https://drive.google.com/file/d/1OVdpY1nJEJJuuIU4Ak5s7dixjLv4p_AE/view
2026-09-29,10:38:08,Inbound,03 8787 8741,0421 227 122,103808-i-61387878741-61421227122.wav,36916,2.3,1YhILsHoRIpW7mS52jhVFMcQd9mRmEofA,https://drive.google.com/file/d/1YhILsHoRIpW7mS52jhVFMcQd9mRmEofA/view
2026-09-29,10:42:09,Inbound,03 8787 8741,0403 718 563,104209-i-61387878741-61403718563.wav,7276,0.5,178dLh14E_u8oWvJqokfCQX24mPlrdqLN,https://drive.google.com/file/d/178dLh14E_u8oWvJqokfCQX24mPlrdqLN/view
2026-09-29,10:47:06,Inbound,Ext 300,0403 949 550,104706-i-300-61403949550.wav,340856,21.3,1f43TVdseeVfaZCjBkpHZsiRD_SWRL_MC,https://drive.google.com/file/d/1f43TVdseeVfaZCjBkpHZsiRD_SWRL_MC/view
2026-09-29,10:57:11,Inbound,03 8787 8741,0421 635 904,105711-i-61387878741-61421635904.wav,5586,0.3,1qDZCtodEeGnM5rd79hC-gZWMXuSiqKon,https://drive.google.com/file/d/1qDZCtodEeGnM5rd79hC-gZWMXuSiqKon/view
2026-09-29,11:06:06,Outbound,Ext 503,0472 835 889,110606-o-61472835889@506609.37.vonex.biz-503.wav,38280,2.4,1O0bLncsIwc0_R7GTT7wZKjfmmvbjo7bo,https://drive.google.com/file/d/1O0bLncsIwc0_R7GTT7wZKjfmmvbjo7bo/view
2026-09-29,11:06:39,Inbound,03 8787 8741,0493 449 868,110639-i-61387878741-61493449868.wav,358016,22.4,1A1WR51j70xJ5k2eUlbnal_d4KGmeLWR5,https://drive.google.com/file/d/1A1WR51j70xJ5k2eUlbnal_d4KGmeLWR5/view
2026-09-29,11:10:36,Inbound,03 8787 8741,0402 413 864,111036-i-61387878741-61402413864.wav,1195020,74.7,1PLyrLIXtpXK99z_j6c_1gWH2Os1FlWUv,https://drive.google.com/file/d/1PLyrLIXtpXK99z_j6c_1gWH2Os1FlWUv/view
2026-09-29,11:12:18,Inbound,Ext 300,0402 413 864,111218-i-300-61402413864.wav,1029856,64.4,1OQF91WalhE4BpsCjgyi05We8oBiuOYg0,https://drive.google.com/file/d/1OQF91WalhE4BpsCjgyi05We8oBiuOYg0/view
Sample rows,68,,,,,,,,
Inbound in sample,45,,,,,,,,
Outbound in sample,23,,,,,,,,
