"Booking, payment, waiver, catering rules",
Topic,Rule the agent must follow
How to book,Phone (03) 8787 8741 or website. Agent can take details but a human/CRM must take the deposit to secure.
Deposit kids / teen VR-laser-golf,Non-refundable deposit equal to 8 guests.
Deposit go-kart parties,Non-refundable deposit equal to 10 guests.
Deposit = minimum charge,Yes. Reducing below minimum still billed to minimum unless credit rules apply.
Refunds,All deposits and payments are non-refundable per current FAQ.
Reschedule,"Allowed with at least 7 days' notice; deposit transfers. Under 7 days, no compensation."
Numbers drop,Credit only if 24 hours' notice and minimums still met.
Confirm catering / final numbers,One week prior. Dietary requirements at the same time.
BYO,"No, except birthday cake (max dinner-plate size, no cakeage, fridge/freezer available) and lolly bags."
Platters for parents,Yes — order at least 7 days ahead.
Day-of food,"Possible, expect a wait. Pre-order preferred."
Waivers,Go-karts and VR. Under 18 = parent/guardian. Link in confirmation email. Complete before arrival.
Unsure on numbers,"Book for the high estimate; easier to reduce than increase, subject to credit rules."
Payment methods,Not specified on FAQ extract — do not invent. Reservations will take the card.
