Published prices — confirm before quoting as guaranteed,,,,,,
"Scraped from lemansentertainment.com.au on 29 Sep 2026. Status = Published web, not a signed rate card.",,,,,,
Segment,Package,Published price,Includes (summary),Min guests,When / notes,Status
Kids 6–8 / 8–12,Go Karting party,$49 pp peak / $39 pp off-peak,"10 min mini kart, complimentary Arcadia, catering, medallions, exclusive track, host, reserved table",10,Off-peak typically mid-week excluding public & school holidays,Published
Kids,Go Karting + Lasertag,See kids-parties page (combo priced higher than kart-only),Kart + lasertag + party inclusions,8–10,Confirm live price with reservations,Confirm
Teen 12–17,Go Karting party,$49 pp / $39 pp off-peak,"Up to 15 lap sprint race, Arcadia, medallions, exclusive track, host, reserved table",10,,Published
Teen 12–17,Go Karting + Lasertag,$59 pp / $49 pp off-peak,Sprint race + lasertag + party inclusions,8–10,,Published
Bucks / hens,Hang Out,$139 pp,"Smaller crew package, max 8, no minimum advertised",1–8,Good for small bucks,Published
Bucks / hens,Show Off,$199 pp,"2 super-kart races exclusive Lakeside, 30 min VR, 2 lasertag, reserved bar, burger + pot, host, trophies",10+,Flagship bucks day,Published
Race only,Speed Demon,$89 pp,"Exclusive super karts, trophies, 15 lap race",10+,,Published
Race only,Monza,$129 pp,"Exclusive super karts, trophies, qualifier + races as per site",10+,Confirm exact lap mix,Published
Race only,LeMans race package,$179 pp,"Exclusive super karts, 15 lap qualifier + 15 + 30 lap races, trophies",10+,,Published
Corporate,Tailored,Do not quote,Custom across all activities + catering,"1 to 1,000",Always transfer sales,Transfer only
Casual lasertag,Per mission,Not published on FAQ extract,"~15 min mission, mixed with other guests unless exclusive",No min,Book online or phone,Confirm
Gift cards,Website vouchers,See /gift-voucher/,Send link rather than processing payment on the call,,,Published
